Date :,11/1/22 17:42,,,,,,,,,,,
Motion Threshold (au):,18,,,,,,,,,,,
Detection Method:,Linear,,,,,,,,,,,
Min Freeze Duration (f):,30,,,,,,,,,,,
,,,,,,,,,,,,
,,,,,,,,,,,,
,,,,,,,,,,,,
Component Details,,,,,,,,,,,,
Component Name,Start Time,Duration (s),Start Frame,Duration Frames,,,,,,,,
pre-tone, 0:00:00.000,120,0,3600,,,,,,,,
tone 01, 0:02:00.000,25,3600,750,,,,,,,,
tone 02, 0:02:42.000,25,4860,750,,,,,,,,
tone 03, 0:03:15.000,25,5850,750,,,,,,,,
tone 04, 0:04:02.000,25,7260,750,,,,,,,,
tone 05, 0:04:47.000,25,8610,750,,,,,,,,
tone 06, 0:05:29.000,25,9870,750,,,,,,,,
tone 07, 0:06:09.000,25,11070,750,,,,,,,,
tone 08, 0:06:54.000,25,12420,750,,,,,,,,
tone 09, 0:07:24.000,25,13320,750,,,,,,,,
tone 10, 0:08:08.000,25,14640,750,,,,,,,,
tone 11, 0:08:45.000,25,15750,750,,,,,,,,
tone 12, 0:09:15.000,25,16650,750,,,,,,,,
post-tone, 0:09:40.000,120,17400,3600,,,,,,,,
,,,,,,,,,,,,
Experiment,Trial,Box,Animal,Group,Component Name,Freeze Cnt,Time Freezing,Pct Total Time Freezing,Pct Component Time Freezing,Avg Motion Index,Min Motion Index,Max Motion Index
VF102722_E1,1,Chamber 1,B6-M-106-L1,30-10-25-SC,pre-tone,9,21.2,3.03,17.67,88.26,0,563
VF102722_E1,1,Chamber 1,B6-M-106-L1,30-10-25-SC,tone 01,6,12.367,1.77,49.47,22.93,0,378
VF102722_E1,1,Chamber 1,B6-M-106-L1,30-10-25-SC,tone 02,3,6.467,0.92,25.87,48.74,0,311
VF102722_E1,1,Chamber 1,B6-M-106-L1,30-10-25-SC,tone 03,4,11.7,1.67,46.8,63.5,0,515
VF102722_E1,1,Chamber 1,B6-M-106-L1,30-10-25-SC,tone 04,4,8.667,1.24,34.67,23.96,0,187
VF102722_E1,1,Chamber 1,B6-M-106-L1,30-10-25-SC,tone 05,4,7.067,1.01,28.27,52.84,0,355
VF102722_E1,1,Chamber 1,B6-M-106-L1,30-10-25-SC,tone 06,4,9.867,1.41,39.47,52.82,0,398
VF102722_E1,1,Chamber 1,B6-M-106-L1,30-10-25-SC,tone 07,3,4.333,0.62,17.33,43.75,0,408
VF102722_E1,1,Chamber 1,B6-M-106-L1,30-10-25-SC,tone 08,3,3.8,0.54,15.2,66.32,0,406
VF102722_E1,1,Chamber 1,B6-M-106-L1,30-10-25-SC,tone 09,3,6.033,0.86,24.13,76.37,0,777
VF102722_E1,1,Chamber 1,B6-M-106-L1,30-10-25-SC,tone 10,3,5.2,0.74,20.8,73.29,0,844
VF102722_E1,1,Chamber 1,B6-M-106-L1,30-10-25-SC,tone 11,4,5.367,0.77,21.47,104.71,0,1100
VF102722_E1,1,Chamber 1,B6-M-106-L1,30-10-25-SC,tone 12,4,8.2,1.17,32.8,53.64,0,376
VF102722_E1,1,Chamber 1,B6-M-106-L1,30-10-25-SC,post-tone,13,33.3,4.76,27.75,45.57,0,709
,,,,,,,,,,,,
VF102722_E1,1,Chamber 2,B6-M-106-L2,30-10-25-SC,pre-tone,17,45.4,6.49,37.83,90.98,0,1511
VF102722_E1,1,Chamber 2,B6-M-106-L2,30-10-25-SC,tone 01,5,18.233,2.6,72.93,14.96,0,464
VF102722_E1,1,Chamber 2,B6-M-106-L2,30-10-25-SC,tone 02,3,6.933,0.99,27.73,86.31,0,486
VF102722_E1,1,Chamber 2,B6-M-106-L2,30-10-25-SC,tone 03,5,18.5,2.64,74,9.41,0,309
VF102722_E1,1,Chamber 2,B6-M-106-L2,30-10-25-SC,tone 04,6,20.567,2.94,82.27,5.61,0,141
VF102722_E1,1,Chamber 2,B6-M-106-L2,30-10-25-SC,tone 05,4,17.767,2.54,71.07,24.17,0,617
VF102722_E1,1,Chamber 2,B6-M-106-L2,30-10-25-SC,tone 06,8,10,1.43,40,34.01,0,319
VF102722_E1,1,Chamber 2,B6-M-106-L2,30-10-25-SC,tone 07,5,13.2,1.89,52.8,32.39,0,391
VF102722_E1,1,Chamber 2,B6-M-106-L2,30-10-25-SC,tone 08,3,9.6,1.37,38.4,60.81,0,499
VF102722_E1,1,Chamber 2,B6-M-106-L2,30-10-25-SC,tone 09,2,20.7,2.96,82.8,2.8,0,59
VF102722_E1,1,Chamber 2,B6-M-106-L2,30-10-25-SC,tone 10,7,21.467,3.07,85.87,2.97,0,140
VF102722_E1,1,Chamber 2,B6-M-106-L2,30-10-25-SC,tone 11,3,22,3.14,88,1.98,0,88
VF102722_E1,1,Chamber 2,B6-M-106-L2,30-10-25-SC,tone 12,1,25,3.57,100,0.22,0,17
VF102722_E1,1,Chamber 2,B6-M-106-L2,30-10-25-SC,post-tone,11,63.8,9.11,53.17,35.68,0,456
,,,,,,,,,,,,
VF102722_E1,1,Chamber 3,B6-M-106-R1,30-10-25-SC,pre-tone,16,26.967,3.85,22.47,101.39,0,1100
VF102722_E1,1,Chamber 3,B6-M-106-R1,30-10-25-SC,tone 01,4,9.833,1.4,39.33,24.87,0,281
VF102722_E1,1,Chamber 3,B6-M-106-R1,30-10-25-SC,tone 02,4,6.567,0.94,26.27,90.99,0,812
VF102722_E1,1,Chamber 3,B6-M-106-R1,30-10-25-SC,tone 03,3,5,0.71,20,80.27,0,1136
VF102722_E1,1,Chamber 3,B6-M-106-R1,30-10-25-SC,tone 04,0,0,0,0,88.37,0,447
VF102722_E1,1,Chamber 3,B6-M-106-R1,30-10-25-SC,tone 05,5,7.567,1.08,30.27,99.17,0,881
VF102722_E1,1,Chamber 3,B6-M-106-R1,30-10-25-SC,tone 06,5,6.9,0.99,27.6,33.83,0,255
VF102722_E1,1,Chamber 3,B6-M-106-R1,30-10-25-SC,tone 07,6,7.433,1.06,29.73,90.03,0,858
VF102722_E1,1,Chamber 3,B6-M-106-R1,30-10-25-SC,tone 08,5,7.167,1.02,28.67,45.83,0,400
VF102722_E1,1,Chamber 3,B6-M-106-R1,30-10-25-SC,tone 09,9,15.967,2.28,63.87,8.45,0,112
VF102722_E1,1,Chamber 3,B6-M-106-R1,30-10-25-SC,tone 10,3,6.533,0.93,26.13,79.52,0,533
VF102722_E1,1,Chamber 3,B6-M-106-R1,30-10-25-SC,tone 11,3,3.733,0.53,14.93,83.57,0,654
VF102722_E1,1,Chamber 3,B6-M-106-R1,30-10-25-SC,tone 12,4,6.1,0.87,24.4,46.74,0,394
VF102722_E1,1,Chamber 3,B6-M-106-R1,30-10-25-SC,post-tone,10,14.6,2.09,12.17,77.02,0,757
,,,,,,,,,,,,
VF102722_E1,1,Chamber 4,B6-M-106-R2,30-10-25-SC,pre-tone,9,13.067,1.87,10.89,88,0,839
VF102722_E1,1,Chamber 4,B6-M-106-R2,30-10-25-SC,tone 01,3,4.5,0.64,18,95.93,0,796
VF102722_E1,1,Chamber 4,B6-M-106-R2,30-10-25-SC,tone 02,6,8.3,1.19,33.2,63.31,0,658
VF102722_E1,1,Chamber 4,B6-M-106-R2,30-10-25-SC,tone 03,4,6.467,0.92,25.87,51.19,0,420
VF102722_E1,1,Chamber 4,B6-M-106-R2,30-10-25-SC,tone 04,0,0,0,0,140.21,0,673
VF102722_E1,1,Chamber 4,B6-M-106-R2,30-10-25-SC,tone 05,5,10.167,1.45,40.67,17.6,0,325
VF102722_E1,1,Chamber 4,B6-M-106-R2,30-10-25-SC,tone 06,5,8.3,1.19,33.2,16.66,0,346
VF102722_E1,1,Chamber 4,B6-M-106-R2,30-10-25-SC,tone 07,1,1.067,0.15,4.27,120.37,0,558
VF102722_E1,1,Chamber 4,B6-M-106-R2,30-10-25-SC,tone 08,2,3.033,0.43,12.13,86.65,0,411
VF102722_E1,1,Chamber 4,B6-M-106-R2,30-10-25-SC,tone 09,2,4.967,0.71,19.87,94.28,0,885
VF102722_E1,1,Chamber 4,B6-M-106-R2,30-10-25-SC,tone 10,1,1.033,0.15,4.13,29.21,0,177
VF102722_E1,1,Chamber 4,B6-M-106-R2,30-10-25-SC,tone 11,0,0,0,0,92.52,0,1004
VF102722_E1,1,Chamber 4,B6-M-106-R2,30-10-25-SC,tone 12,3,3.1,0.44,12.4,59.05,0,349
VF102722_E1,1,Chamber 4,B6-M-106-R2,30-10-25-SC,post-tone,14,22.167,3.17,18.47,86.03,0,907
,,,,,,,,,,,,
VF102722_E1,2,Chamber 1,B6-M-106-L6,03-100-25-SC,pre-tone,3,6.767,0.97,5.64,197.34,0,1310
VF102722_E1,2,Chamber 1,B6-M-106-L6,03-100-25-SC,tone 01,6,17.4,2.49,69.6,38.78,0,683
VF102722_E1,2,Chamber 1,B6-M-106-L6,03-100-25-SC,tone 02,7,16.533,2.36,66.13,16.64,0,289
VF102722_E1,2,Chamber 1,B6-M-106-L6,03-100-25-SC,tone 03,3,3.667,0.52,14.67,128.72,0,838
VF102722_E1,2,Chamber 1,B6-M-106-L6,03-100-25-SC,tone 04,6,11.6,1.66,46.4,51.25,0,1106
VF102722_E1,2,Chamber 1,B6-M-106-L6,03-100-25-SC,tone 05,5,8.767,1.25,35.07,75.28,0,619
VF102722_E1,2,Chamber 1,B6-M-106-L6,03-100-25-SC,tone 06,1,1.133,0.16,4.53,163.54,0,1301
VF102722_E1,2,Chamber 1,B6-M-106-L6,03-100-25-SC,tone 07,0,0,0,0,201.18,0,1121
VF102722_E1,2,Chamber 1,B6-M-106-L6,03-100-25-SC,tone 08,2,6.267,0.9,25.07,135.92,0,1176
VF102722_E1,2,Chamber 1,B6-M-106-L6,03-100-25-SC,tone 09,0,0,0,0,234.04,0,1870
VF102722_E1,2,Chamber 1,B6-M-106-L6,03-100-25-SC,tone 10,2,2.2,0.31,8.8,137.05,0,850
VF102722_E1,2,Chamber 1,B6-M-106-L6,03-100-25-SC,tone 11,2,3.167,0.45,12.67,154.8,0,1399
VF102722_E1,2,Chamber 1,B6-M-106-L6,03-100-25-SC,tone 12,0,0,0,0,171.37,0,1349
VF102722_E1,2,Chamber 1,B6-M-106-L6,03-100-25-SC,post-tone,4,5.4,0.77,4.5,204.27,0,1424
,,,,,,,,,,,,
VF102722_E1,2,Chamber 2,B6-M-106-L5,03-100-25-SC,pre-tone,13,26.367,3.77,21.97,177.32,0,1357
VF102722_E1,2,Chamber 2,B6-M-106-L5,03-100-25-SC,tone 01,3,22.1,3.16,88.4,11.36,0,349
VF102722_E1,2,Chamber 2,B6-M-106-L5,03-100-25-SC,tone 02,3,18.5,2.64,74,29.18,0,525
VF102722_E1,2,Chamber 2,B6-M-106-L5,03-100-25-SC,tone 03,2,23.233,3.32,92.93,1.59,0,104
VF102722_E1,2,Chamber 2,B6-M-106-L5,03-100-25-SC,tone 04,3,17.9,2.56,71.6,25.81,0,432
VF102722_E1,2,Chamber 2,B6-M-106-L5,03-100-25-SC,tone 05,7,17.833,2.55,71.33,17.38,0,281
VF102722_E1,2,Chamber 2,B6-M-106-L5,03-100-25-SC,tone 06,4,14.6,2.09,58.4,55.94,0,674
VF102722_E1,2,Chamber 2,B6-M-106-L5,03-100-25-SC,tone 07,3,17.833,2.55,71.33,24.66,0,379
VF102722_E1,2,Chamber 2,B6-M-106-L5,03-100-25-SC,tone 08,5,14.333,2.05,57.33,16.25,0,306
VF102722_E1,2,Chamber 2,B6-M-106-L5,03-100-25-SC,tone 09,3,11.7,1.67,46.8,48.81,0,558
VF102722_E1,2,Chamber 2,B6-M-106-L5,03-100-25-SC,tone 10,4,11.067,1.58,44.27,96.01,0,957
VF102722_E1,2,Chamber 2,B6-M-106-L5,03-100-25-SC,tone 11,3,12.8,1.83,51.2,95.59,0,770
VF102722_E1,2,Chamber 2,B6-M-106-L5,03-100-25-SC,tone 12,4,15.133,2.16,60.53,64.69,0,816
VF102722_E1,2,Chamber 2,B6-M-106-L5,03-100-25-SC,post-tone,11,24.6,3.51,20.5,135.37,0,1412
,,,,,,,,,,,,
VF102722_E1,2,Chamber 3,B6-M-108-L2,03-100-25-SC,pre-tone,7,9.133,1.3,7.61,55.75,0,755
VF102722_E1,2,Chamber 3,B6-M-108-L2,03-100-25-SC,tone 01,8,14.767,2.11,59.07,14.92,0,257
VF102722_E1,2,Chamber 3,B6-M-108-L2,03-100-25-SC,tone 02,2,3.333,0.48,13.33,29.46,0,320
VF102722_E1,2,Chamber 3,B6-M-108-L2,03-100-25-SC,tone 03,4,6.233,0.89,24.93,48.3,0,297
VF102722_E1,2,Chamber 3,B6-M-108-L2,03-100-25-SC,tone 04,4,10.633,1.52,42.53,14.27,0,299
VF102722_E1,2,Chamber 3,B6-M-108-L2,03-100-25-SC,tone 05,5,7.333,1.05,29.33,18.49,0,210
VF102722_E1,2,Chamber 3,B6-M-108-L2,03-100-25-SC,tone 06,3,7.7,1.1,30.8,30.42,0,486
VF102722_E1,2,Chamber 3,B6-M-108-L2,03-100-25-SC,tone 07,3,8.9,1.27,35.6,45.36,0,440
VF102722_E1,2,Chamber 3,B6-M-108-L2,03-100-25-SC,tone 08,2,6.033,0.86,24.13,34.91,0,308
VF102722_E1,2,Chamber 3,B6-M-108-L2,03-100-25-SC,tone 09,5,7.1,1.01,28.4,34.3,0,388
VF102722_E1,2,Chamber 3,B6-M-108-L2,03-100-25-SC,tone 10,2,4.2,0.6,16.8,68.24,0,434
VF102722_E1,2,Chamber 3,B6-M-108-L2,03-100-25-SC,tone 11,7,10.267,1.47,41.07,18.74,0,265
VF102722_E1,2,Chamber 3,B6-M-108-L2,03-100-25-SC,tone 12,2,10.7,1.53,42.8,30.41,0,294
VF102722_E1,2,Chamber 3,B6-M-108-L2,03-100-25-SC,post-tone,11,16.067,2.3,13.39,70.14,0,786
,,,,,,,,,,,,
VF102722_E1,2,Chamber 4,B6-M-108-R1,03-100-25-SC,pre-tone,7,13.133,1.88,10.94,199.51,0,1368
VF102722_E1,2,Chamber 4,B6-M-108-R1,03-100-25-SC,tone 01,4,15.133,2.16,60.53,23,0,369
VF102722_E1,2,Chamber 4,B6-M-108-R1,03-100-25-SC,tone 02,5,14.3,2.04,57.2,48.77,0,579
VF102722_E1,2,Chamber 4,B6-M-108-R1,03-100-25-SC,tone 03,1,1.7,0.24,6.8,129.71,0,740
VF102722_E1,2,Chamber 4,B6-M-108-R1,03-100-25-SC,tone 04,3,5.667,0.81,22.67,85.41,0,1106
VF102722_E1,2,Chamber 4,B6-M-108-R1,03-100-25-SC,tone 05,1,2.933,0.42,11.73,136.44,0,1040
VF102722_E1,2,Chamber 4,B6-M-108-R1,03-100-25-SC,tone 06,5,6.5,0.93,26,91.3,0,930
VF102722_E1,2,Chamber 4,B6-M-108-R1,03-100-25-SC,tone 07,2,4.7,0.67,18.8,121.13,0,815
VF102722_E1,2,Chamber 4,B6-M-108-R1,03-100-25-SC,tone 08,3,4.567,0.65,18.27,105.04,0,936
VF102722_E1,2,Chamber 4,B6-M-108-R1,03-100-25-SC,tone 09,1,1.967,0.28,7.87,193.31,0,1172
VF102722_E1,2,Chamber 4,B6-M-108-R1,03-100-25-SC,tone 10,2,2.4,0.34,9.6,132.63,0,811
VF102722_E1,2,Chamber 4,B6-M-108-R1,03-100-25-SC,tone 11,3,3.833,0.55,15.33,109.99,0,1252
VF102722_E1,2,Chamber 4,B6-M-108-R1,03-100-25-SC,tone 12,1,1.1,0.16,4.4,121.64,0,916
VF102722_E1,2,Chamber 4,B6-M-108-R1,03-100-25-SC,post-tone,2,2.167,0.31,1.81,212.89,0,1184
,,,,,,,,,,,,
VF102722_E1,3,Chamber 1,B6-F-109-L1,03-100-25-SC,pre-tone,0,0,0,0,115.42,0,836
VF102722_E1,3,Chamber 1,B6-F-109-L1,03-100-25-SC,tone 01,7,17.133,2.45,68.53,31.01,0,694
VF102722_E1,3,Chamber 1,B6-F-109-L1,03-100-25-SC,tone 02,8,19.533,2.79,78.13,3.87,0,63
VF102722_E1,3,Chamber 1,B6-F-109-L1,03-100-25-SC,tone 03,10,18.467,2.64,73.87,6.34,0,150
VF102722_E1,3,Chamber 1,B6-F-109-L1,03-100-25-SC,tone 04,8,15.767,2.25,63.07,7.69,0,189
VF102722_E1,3,Chamber 1,B6-F-109-L1,03-100-25-SC,tone 05,6,12.4,1.77,49.6,19.4,0,378
VF102722_E1,3,Chamber 1,B6-F-109-L1,03-100-25-SC,tone 06,8,13.4,1.91,53.6,21.21,0,695
VF102722_E1,3,Chamber 1,B6-F-109-L1,03-100-25-SC,tone 07,6,8.4,1.2,33.6,35.03,0,415
VF102722_E1,3,Chamber 1,B6-F-109-L1,03-100-25-SC,tone 08,2,2.167,0.31,8.67,48.36,0,607
VF102722_E1,3,Chamber 1,B6-F-109-L1,03-100-25-SC,tone 09,4,6.567,0.94,26.27,68.99,0,458
VF102722_E1,3,Chamber 1,B6-F-109-L1,03-100-25-SC,tone 10,5,10.067,1.44,40.27,30.6,0,195
VF102722_E1,3,Chamber 1,B6-F-109-L1,03-100-25-SC,tone 11,4,6.033,0.86,24.13,14.24,0,225
VF102722_E1,3,Chamber 1,B6-F-109-L1,03-100-25-SC,tone 12,0,0,0,0,70.49,0,546
VF102722_E1,3,Chamber 1,B6-F-109-L1,03-100-25-SC,post-tone,4,5.3,0.76,4.42,113.64,0,1071
,,,,,,,,,,,,
VF102722_E1,3,Chamber 2,B6-F-109-L2,03-100-25-SC,pre-tone,10,16.867,2.41,14.06,64.57,0,570
VF102722_E1,3,Chamber 2,B6-F-109-L2,03-100-25-SC,tone 01,2,23.933,3.42,95.73,0.69,0,162
VF102722_E1,3,Chamber 2,B6-F-109-L2,03-100-25-SC,tone 02,7,14.433,2.06,57.73,17.84,0,440
VF102722_E1,3,Chamber 2,B6-F-109-L2,03-100-25-SC,tone 03,4,13.533,1.93,54.13,24.56,0,328
VF102722_E1,3,Chamber 2,B6-F-109-L2,03-100-25-SC,tone 04,6,16.1,2.3,64.4,13.68,0,222
VF102722_E1,3,Chamber 2,B6-F-109-L2,03-100-25-SC,tone 05,6,18.633,2.66,74.53,7.19,0,313
VF102722_E1,3,Chamber 2,B6-F-109-L2,03-100-25-SC,tone 06,6,13.167,1.88,52.67,13.05,0,184
VF102722_E1,3,Chamber 2,B6-F-109-L2,03-100-25-SC,tone 07,7,17.7,2.53,70.8,5.79,0,138
VF102722_E1,3,Chamber 2,B6-F-109-L2,03-100-25-SC,tone 08,2,24.067,3.44,96.27,1.51,0,131
VF102722_E1,3,Chamber 2,B6-F-109-L2,03-100-25-SC,tone 09,5,21.367,3.05,85.47,3.36,0,104
VF102722_E1,3,Chamber 2,B6-F-109-L2,03-100-25-SC,tone 10,3,23.867,3.41,95.47,0.74,0,170
VF102722_E1,3,Chamber 2,B6-F-109-L2,03-100-25-SC,tone 11,4,16.233,2.32,64.93,9.26,0,129
VF102722_E1,3,Chamber 2,B6-F-109-L2,03-100-25-SC,tone 12,7,14.533,2.08,58.13,7.9,0,160
VF102722_E1,3,Chamber 2,B6-F-109-L2,03-100-25-SC,post-tone,14,48.633,6.95,40.53,40.59,0,544
,,,,,,,,,,,,
VF102722_E1,3,Chamber 3,B6-F-109-R1,03-100-25-SC,pre-tone,16,71.2,10.17,59.33,13.33,0,301
VF102722_E1,3,Chamber 3,B6-F-109-R1,03-100-25-SC,tone 01,2,22.1,3.16,88.4,1.93,0,61
VF102722_E1,3,Chamber 3,B6-F-109-R1,03-100-25-SC,tone 02,3,24.567,3.51,98.27,0.76,0,70
VF102722_E1,3,Chamber 3,B6-F-109-R1,03-100-25-SC,tone 03,4,19.9,2.84,79.6,4.68,0,117
VF102722_E1,3,Chamber 3,B6-F-109-R1,03-100-25-SC,tone 04,3,24.2,3.46,96.8,0.59,0,28
VF102722_E1,3,Chamber 3,B6-F-109-R1,03-100-25-SC,tone 05,2,24.967,3.57,99.87,0.18,0,35
VF102722_E1,3,Chamber 3,B6-F-109-R1,03-100-25-SC,tone 06,3,11.033,1.58,44.13,17.74,0,270
VF102722_E1,3,Chamber 3,B6-F-109-R1,03-100-25-SC,tone 07,2,19.767,2.82,79.07,4.32,0,102
VF102722_E1,3,Chamber 3,B6-F-109-R1,03-100-25-SC,tone 08,2,24.967,3.57,99.87,0.41,0,33
VF102722_E1,3,Chamber 3,B6-F-109-R1,03-100-25-SC,tone 09,2,24.533,3.5,98.13,0.67,0,36
VF102722_E1,3,Chamber 3,B6-F-109-R1,03-100-25-SC,tone 10,1,5.433,0.78,21.73,39.82,0,496
VF102722_E1,3,Chamber 3,B6-F-109-R1,03-100-25-SC,tone 11,5,14.3,2.04,57.2,7.94,0,130
VF102722_E1,3,Chamber 3,B6-F-109-R1,03-100-25-SC,tone 12,3,23.3,3.33,93.2,1.51,0,41
VF102722_E1,3,Chamber 3,B6-F-109-R1,03-100-25-SC,post-tone,24,73.667,10.52,61.39,14.63,0,419
,,,,,,,,,,,,
VF102722_E1,3,Chamber 4,B6-F-109-R2,03-100-25-SC,pre-tone,16,33.367,4.77,27.81,35.87,0,702
VF102722_E1,3,Chamber 4,B6-F-109-R2,03-100-25-SC,tone 01,3,23.667,3.38,94.67,0.62,0,46
VF102722_E1,3,Chamber 4,B6-F-109-R2,03-100-25-SC,tone 02,2,19.233,2.75,76.93,4.5,0,89
VF102722_E1,3,Chamber 4,B6-F-109-R2,03-100-25-SC,tone 03,4,19.433,2.78,77.73,5.29,0,109
VF102722_E1,3,Chamber 4,B6-F-109-R2,03-100-25-SC,tone 04,6,10.267,1.47,41.07,13.94,0,159
VF102722_E1,3,Chamber 4,B6-F-109-R2,03-100-25-SC,tone 05,1,4.833,0.69,19.33,37.16,0,223
VF102722_E1,3,Chamber 4,B6-F-109-R2,03-100-25-SC,tone 06,11,19.167,2.74,76.67,6.03,0,170
VF102722_E1,3,Chamber 4,B6-F-109-R2,03-100-25-SC,tone 07,6,20.667,2.95,82.67,4.59,0,216
VF102722_E1,3,Chamber 4,B6-F-109-R2,03-100-25-SC,tone 08,5,23.167,3.31,92.67,1.58,0,82
VF102722_E1,3,Chamber 4,B6-F-109-R2,03-100-25-SC,tone 09,6,13.8,1.97,55.2,11.27,0,170
VF102722_E1,3,Chamber 4,B6-F-109-R2,03-100-25-SC,tone 10,6,13.733,1.96,54.93,14.61,0,198
VF102722_E1,3,Chamber 4,B6-F-109-R2,03-100-25-SC,tone 11,4,7.233,1.03,28.93,40.54,0,304
VF102722_E1,3,Chamber 4,B6-F-109-R2,03-100-25-SC,tone 12,4,5.4,0.77,21.6,29.17,0,248
VF102722_E1,3,Chamber 4,B6-F-109-R2,03-100-25-SC,post-tone,11,25.033,3.58,20.86,49.23,0,392
,,,,,,,,,,,,
VF102722_E1,4,Chamber 1,B6-F-114-L1,30-10-25-SC,pre-tone,21,41.9,5.99,34.92,60.9,0,597
VF102722_E1,4,Chamber 1,B6-F-114-L1,30-10-25-SC,tone 01,6,17.433,2.49,69.73,12.91,0,261
VF102722_E1,4,Chamber 1,B6-F-114-L1,30-10-25-SC,tone 02,5,15.867,2.27,63.47,14.65,0,340
VF102722_E1,4,Chamber 1,B6-F-114-L1,30-10-25-SC,tone 03,4,5.6,0.8,22.4,36.25,0,334
VF102722_E1,4,Chamber 1,B6-F-114-L1,30-10-25-SC,tone 04,4,10.033,1.43,40.13,35.93,0,756
VF102722_E1,4,Chamber 1,B6-F-114-L1,30-10-25-SC,tone 05,4,15.767,2.25,63.07,36.11,0,475
VF102722_E1,4,Chamber 1,B6-F-114-L1,30-10-25-SC,tone 06,5,10.3,1.47,41.2,41.84,0,460
VF102722_E1,4,Chamber 1,B6-F-114-L1,30-10-25-SC,tone 07,4,11.567,1.65,46.27,63.59,0,718
VF102722_E1,4,Chamber 1,B6-F-114-L1,30-10-25-SC,tone 08,6,21.367,3.05,85.47,1.92,0,55
VF102722_E1,4,Chamber 1,B6-F-114-L1,30-10-25-SC,tone 09,3,18.7,2.67,74.8,13.33,0,528
VF102722_E1,4,Chamber 1,B6-F-114-L1,30-10-25-SC,tone 10,5,16.467,2.35,65.87,5.71,0,117
VF102722_E1,4,Chamber 1,B6-F-114-L1,30-10-25-SC,tone 11,6,11.1,1.59,44.4,51.68,0,459
VF102722_E1,4,Chamber 1,B6-F-114-L1,30-10-25-SC,tone 12,4,13.8,1.97,55.2,28.55,0,430
VF102722_E1,4,Chamber 1,B6-F-114-L1,30-10-25-SC,post-tone,27,72.8,10.4,60.67,27.09,0,1003
,,,,,,,,,,,,
VF102722_E1,4,Chamber 2,B6-F-114-L2,30-10-25-SC,pre-tone,24,42.633,6.09,35.53,48.07,0,562
VF102722_E1,4,Chamber 2,B6-F-114-L2,30-10-25-SC,tone 01,8,11.367,1.62,45.47,27.32,0,375
VF102722_E1,4,Chamber 2,B6-F-114-L2,30-10-25-SC,tone 02,8,13.167,1.88,52.67,14.8,0,214
VF102722_E1,4,Chamber 2,B6-F-114-L2,30-10-25-SC,tone 03,7,9.8,1.4,39.2,17.35,0,198
VF102722_E1,4,Chamber 2,B6-F-114-L2,30-10-25-SC,tone 04,4,8.567,1.22,34.27,29.8,0,417
VF102722_E1,4,Chamber 2,B6-F-114-L2,30-10-25-SC,tone 05,8,13.367,1.91,53.47,8.22,0,129
VF102722_E1,4,Chamber 2,B6-F-114-L2,30-10-25-SC,tone 06,11,18.233,2.6,72.93,4.9,0,69
VF102722_E1,4,Chamber 2,B6-F-114-L2,30-10-25-SC,tone 07,4,4.733,0.68,18.93,43.39,0,626
VF102722_E1,4,Chamber 2,B6-F-114-L2,30-10-25-SC,tone 08,5,11.067,1.58,44.27,33.62,0,356
VF102722_E1,4,Chamber 2,B6-F-114-L2,30-10-25-SC,tone 09,2,2.9,0.41,11.6,78,0,429
VF102722_E1,4,Chamber 2,B6-F-114-L2,30-10-25-SC,tone 10,7,10.733,1.53,42.93,19.7,0,293
VF102722_E1,4,Chamber 2,B6-F-114-L2,30-10-25-SC,tone 11,2,3.5,0.5,14,59.43,0,453
VF102722_E1,4,Chamber 2,B6-F-114-L2,30-10-25-SC,tone 12,5,6.667,0.95,26.67,37.27,0,309
VF102722_E1,4,Chamber 2,B6-F-114-L2,30-10-25-SC,post-tone,42,63.567,9.08,52.97,9.36,0,273
,,,,,,,,,,,,
VF102722_E1,4,Chamber 3,B6-F-114-R1,30-10-25-SC,pre-tone,14,31.333,4.48,26.11,45.39,0,816
VF102722_E1,4,Chamber 3,B6-F-114-R1,30-10-25-SC,tone 01,5,10.967,1.57,43.87,27.51,0,277
VF102722_E1,4,Chamber 3,B6-F-114-R1,30-10-25-SC,tone 02,6,9.5,1.36,38,21.38,0,226
VF102722_E1,4,Chamber 3,B6-F-114-R1,30-10-25-SC,tone 03,4,10.233,1.46,40.93,29.28,0,552
VF102722_E1,4,Chamber 3,B6-F-114-R1,30-10-25-SC,tone 04,4,6.7,0.96,26.8,30.48,0,408
VF102722_E1,4,Chamber 3,B6-F-114-R1,30-10-25-SC,tone 05,3,4,0.57,16,36.55,0,226
VF102722_E1,4,Chamber 3,B6-F-114-R1,30-10-25-SC,tone 06,3,3.9,0.56,15.6,56.45,0,539
VF102722_E1,4,Chamber 3,B6-F-114-R1,30-10-25-SC,tone 07,4,6.233,0.89,24.93,45.4,0,347
VF102722_E1,4,Chamber 3,B6-F-114-R1,30-10-25-SC,tone 08,4,7.233,1.03,28.93,62.42,0,467
VF102722_E1,4,Chamber 3,B6-F-114-R1,30-10-25-SC,tone 09,4,10.5,1.5,42,35.15,0,631
VF102722_E1,4,Chamber 3,B6-F-114-R1,30-10-25-SC,tone 10,3,4.767,0.68,19.07,55.34,0,297
VF102722_E1,4,Chamber 3,B6-F-114-R1,30-10-25-SC,tone 11,3,4.233,0.6,16.93,63.57,0,330
VF102722_E1,4,Chamber 3,B6-F-114-R1,30-10-25-SC,tone 12,0,0,0,0,71.01,0,367
VF102722_E1,4,Chamber 3,B6-F-114-R1,30-10-25-SC,post-tone,16,29.133,4.16,24.28,47.42,0,594
,,,,,,,,,,,,
VF102722_E1,4,Chamber 4,B6-F-114-R2,30-10-25-SC,pre-tone,17,54.467,7.78,45.39,45.54,0,693
VF102722_E1,4,Chamber 4,B6-F-114-R2,30-10-25-SC,tone 01,6,18.333,2.62,73.33,6.2,0,191
VF102722_E1,4,Chamber 4,B6-F-114-R2,30-10-25-SC,tone 02,6,19.6,2.8,78.4,9.63,0,235
VF102722_E1,4,Chamber 4,B6-F-114-R2,30-10-25-SC,tone 03,5,14.567,2.08,58.27,25.55,0,324
VF102722_E1,4,Chamber 4,B6-F-114-R2,30-10-25-SC,tone 04,5,17.133,2.45,68.53,7.5,0,210
VF102722_E1,4,Chamber 4,B6-F-114-R2,30-10-25-SC,tone 05,6,18.833,2.69,75.33,4.41,0,106
VF102722_E1,4,Chamber 4,B6-F-114-R2,30-10-25-SC,tone 06,4,7.567,1.08,30.27,32.18,0,326
VF102722_E1,4,Chamber 4,B6-F-114-R2,30-10-25-SC,tone 07,3,9.3,1.33,37.2,42.55,0,643
VF102722_E1,4,Chamber 4,B6-F-114-R2,30-10-25-SC,tone 08,5,12.467,1.78,49.87,28.55,0,249
VF102722_E1,4,Chamber 4,B6-F-114-R2,30-10-25-SC,tone 09,3,7.067,1.01,28.27,54.85,0,400
VF102722_E1,4,Chamber 4,B6-F-114-R2,30-10-25-SC,tone 10,3,7.4,1.06,29.6,30.14,0,264
VF102722_E1,4,Chamber 4,B6-F-114-R2,30-10-25-SC,tone 11,7,16.5,2.36,66,21.64,0,301
VF102722_E1,4,Chamber 4,B6-F-114-R2,30-10-25-SC,tone 12,2,2.8,0.4,11.2,49.44,0,334
VF102722_E1,4,Chamber 4,B6-F-114-R2,30-10-25-SC,post-tone,33,56.267,8.04,46.89,23.19,0,699